{
    "fx": 608.3387451171875,
    "fy": 608.1424560546875,
    "ppx": 327.5014953613281,
    "ppy": 232.39300537109375,
    "width": 640,
    "height": 480
}