{
    "fx": 608.5480346679688,
    "fy": 607.39794921875,
    "ppx": 320.49176025390625,
    "ppy": 239.279052734375,
    "width": 640,
    "height": 480
}